market_name,date,stringency_index
Australia,2020-01-26,11.11
Australia,2020-01-27,11.11
Australia,2020-01-28,11.11
Australia,2020-01-29,11.11
Australia,2020-01-30,11.11
Australia,2020-01-31,11.11
Australia,2020-02-01,19.44
Australia,2020-02-02,19.44
Australia,2020-02-03,19.44
Australia,2020-02-04,19.44
Australia,2020-02-05,19.44
Australia,2020-02-06,19.44
Australia,2020-02-07,19.44
Australia,2020-02-08,19.44
Australia,2020-02-09,19.44
Australia,2020-02-10,19.44
Australia,2020-02-11,19.44
Australia,2020-02-12,19.44
Australia,2020-02-13,19.44
Australia,2020-02-14,19.44
Australia,2020-02-15,19.44
Australia,2020-02-16,19.44
Australia,2020-02-17,19.44
Australia,2020-02-18,19.44
Australia,2020-02-19,19.44
Australia,2020-02-20,19.44
Australia,2020-02-21,19.44
Australia,2020-02-22,19.44
Australia,2020-02-23,19.44
Australia,2020-02-24,19.44
Australia,2020-02-25,19.44
Australia,2020-02-26,19.44
Australia,2020-02-27,19.44
Australia,2020-02-28,19.44
Australia,2020-02-29,19.44
Australia,2020-03-01,19.44
Australia,2020-03-02,19.44
Australia,2020-03-03,19.44
Australia,2020-03-04,19.44
Australia,2020-03-05,19.44
Australia,2020-03-06,19.44
Australia,2020-03-07,19.44
Australia,2020-03-08,19.44
Australia,2020-03-09,19.44
Australia,2020-03-10,19.44
Australia,2020-03-11,19.44
Australia,2020-03-12,19.44
Australia,2020-03-13,19.44
Australia,2020-03-14,19.44
Australia,2020-03-15,19.44
Australia,2020-03-16,30.56
Australia,2020-03-17,30.56
Australia,2020-03-18,36.11
Australia,2020-03-19,44.44
Australia,2020-03-20,47.22
Australia,2020-03-21,47.22
Australia,2020-03-22,47.22
Australia,2020-03-23,52.78
Australia,2020-03-24,68.52
Australia,2020-03-25,68.52
Australia,2020-03-26,68.52
Australia,2020-03-27,68.52
Australia,2020-03-28,68.52
Australia,2020-03-29,71.3
Australia,2020-03-30,71.3
Australia,2020-03-31,71.3
Australia,2020-04-01,71.3
Australia,2020-04-02,73.15
Australia,2020-04-03,73.15
Australia,2020-04-04,73.15
Australia,2020-04-05,73.15
Australia,2020-04-06,73.15
Australia,2020-04-07,73.15
Australia,2020-04-08,73.15
Australia,2020-04-09,73.15
Australia,2020-04-10,73.15
Australia,2020-04-11,73.15
Australia,2020-04-12,73.15
Australia,2020-04-13,73.15
Australia,2020-04-14,73.15
Australia,2020-04-15,73.15
Australia,2020-04-16,73.15
Australia,2020-04-17,73.15
Australia,2020-04-18,69.44
Australia,2020-04-19,69.44
Australia,2020-04-20,69.44
Australia,2020-04-21,69.44
Australia,2020-04-22,69.44
Australia,2020-04-23,69.44
Australia,2020-04-24,69.44
Australia,2020-04-25,69.44
Australia,2020-04-26,69.44
Australia,2020-04-27,69.44
Australia,2020-04-28,69.44
Australia,2020-04-29,69.44
Australia,2020-04-30,69.44
Australia,2020-05-01,69.44
Australia,2020-05-02,69.44
Australia,2020-05-03,69.44
Australia,2020-05-04,69.44
Australia,2020-05-05,69.44
Australia,2020-05-06,69.44
Australia,2020-05-07,69.44
Australia,2020-05-08,69.44
Australia,2020-05-09,69.44
Australia,2020-05-10,69.44
Australia,2020-05-11,69.44
Australia,2020-05-12,69.44
Australia,2020-05-13,69.44
Australia,2020-05-14,69.44
Australia,2020-05-15,65.74
Australia,2020-05-16,64.35
Australia,2020-05-17,64.35
Australia,2020-05-18,67.13
Australia,2020-05-19,67.13
Australia,2020-05-20,67.13
Australia,2020-05-21,67.13
Australia,2020-05-22,67.13
Australia,2020-05-23,67.13
Australia,2020-05-24,67.13
Australia,2020-05-25,65.28
Australia,2020-05-26,65.28
Australia,2020-05-27,65.28
Australia,2020-05-28,65.28
Australia,2020-05-29,63.43
Australia,2020-05-30,63.43
Australia,2020-05-31,63.43
Australia,2020-06-01,62.04
Australia,2020-06-02,62.04
Australia,2020-06-03,62.04
Australia,2020-06-04,62.04
Australia,2020-06-05,62.04
Australia,2020-06-06,62.04
Australia,2020-06-07,62.04
Australia,2020-06-08,62.04
Australia,2020-06-09,60.19
Australia,2020-06-10,60.19
Australia,2020-06-11,60.19
Australia,2020-06-12,50.46
Australia,2020-06-13,50.46
Australia,2020-06-14,50.46
Australia,2020-06-15,50.46
Australia,2020-06-16,50.46
Australia,2020-06-17,50.46
Australia,2020-06-18,50.46
Australia,2020-06-19,50.46
Australia,2020-06-20,50.46
Australia,2020-06-21,50.46
Australia,2020-06-22,50.46
Australia,2020-06-23,52.31
Australia,2020-06-24,52.31
Australia,2020-06-25,52.31
Australia,2020-06-26,52.31
Australia,2020-06-27,52.31
Australia,2020-06-28,52.31
Australia,2020-06-29,52.31
Australia,2020-06-30,52.31
Australia,2020-07-01,68.98
Australia,2020-07-02,68.98
Australia,2020-07-03,68.98
Australia,2020-07-04,68.98
Australia,2020-07-05,68.98
Australia,2020-07-06,68.98
Australia,2020-07-07,68.98
Australia,2020-07-08,75.46
Australia,2020-07-09,75.46
Australia,2020-07-10,75.46
Australia,2020-07-11,75.46
Australia,2020-07-12,75.46
Australia,2020-07-13,71.76
Australia,2020-07-14,71.76
Australia,2020-07-15,71.76
Australia,2020-07-16,68.06
Australia,2020-07-17,68.06
Australia,2020-07-18,68.06
Australia,2020-07-19,68.06
Australia,2020-07-20,68.06
Australia,2020-07-21,68.06
Australia,2020-07-22,68.06
Australia,2020-07-23,68.06
Australia,2020-07-24,68.06
Australia,2020-07-25,68.06
Australia,2020-07-26,68.06
Australia,2020-07-27,68.06
Australia,2020-07-28,68.06
Australia,2020-07-29,68.06
Australia,2020-07-30,68.06
Australia,2020-07-31,68.06
Australia,2020-08-01,68.06
Australia,2020-08-02,71.76
Australia,2020-08-03,75.46
Australia,2020-08-04,75.46
Australia,2020-08-05,75.46
Australia,2020-08-06,75.46
Australia,2020-08-07,75.46
Australia,2020-08-08,75.46
Australia,2020-08-09,75.46
Australia,2020-08-10,75.46
Australia,2020-08-11,75.46
Australia,2020-08-12,75.46
Australia,2020-08-13,75.46
Australia,2020-08-14,75.46
Australia,2020-08-15,75.46
Australia,2020-08-16,75.46
Australia,2020-08-17,75.46
Australia,2020-08-18,75.46
Australia,2020-08-19,75.46
Australia,2020-08-20,75.46
Australia,2020-08-21,75.46
Australia,2020-08-22,75.46
Australia,2020-08-23,75.46
Australia,2020-08-24,75.46
Australia,2020-08-25,75.46
Australia,2020-08-26,75.46
Australia,2020-08-27,75.46
Australia,2020-08-28,75.46
Australia,2020-08-29,75.46
Australia,2020-08-30,75.46
Australia,2020-08-31,75.46
Australia,2020-09-01,75.46
Australia,2020-09-02,75.46
Australia,2020-09-03,75.46
Australia,2020-09-04,75.46
Australia,2020-09-05,75.46
Australia,2020-09-06,75.46
Australia,2020-09-07,75.46
Australia,2020-09-08,75.46
Australia,2020-09-09,75.46
Australia,2020-09-10,75.46
Australia,2020-09-11,75.46
Australia,2020-09-12,75.46
Australia,2020-09-13,75.46
Australia,2020-09-14,75.46
Australia,2020-09-15,75.46
Australia,2020-09-16,75.46
Australia,2020-09-17,75.46
Australia,2020-09-18,75.46
Australia,2020-09-19,75.46
Australia,2020-09-20,75.46
Australia,2020-09-21,75.46
Australia,2020-09-22,75.46
Australia,2020-09-23,75.46
Australia,2020-09-24,75.46
Australia,2020-09-25,75.46
Australia,2020-09-26,75.46
Australia,2020-09-27,75.46
Australia,2020-09-28,68.06
Australia,2020-09-29,68.06
Australia,2020-09-30,68.06
Australia,2020-10-01,68.06
Australia,2020-10-02,68.06
Australia,2020-10-03,68.06
Australia,2020-10-04,68.06
Australia,2020-10-05,68.06
Australia,2020-10-06,68.06
Australia,2020-10-07,68.06
Australia,2020-10-08,68.06
Australia,2020-10-09,68.06
Australia,2020-10-10,68.06
Australia,2020-10-11,68.06
Australia,2020-10-12,68.06
Australia,2020-10-13,68.06
Australia,2020-10-14,68.06
Australia,2020-10-15,68.06
Australia,2020-10-16,68.06
Australia,2020-10-17,68.06
Australia,2020-10-18,68.06
Australia,2020-10-19,68.06
Australia,2020-10-20,68.06
Australia,2020-10-21,68.06
Australia,2020-10-22,68.06
Australia,2020-10-23,68.06
Australia,2020-10-24,68.06
Australia,2020-10-25,68.06
Australia,2020-10-26,68.06
Australia,2020-10-27,68.06
Australia,2020-10-28,48.61
Australia,2020-10-29,48.61
Australia,2020-10-30,50.46
Australia,2020-10-31,50.46
Australia,2020-11-01,50.46
Australia,2020-11-02,50.46
Australia,2020-11-03,50.46
Australia,2020-11-04,50.46
Australia,2020-11-05,53.24
Australia,2020-11-06,53.24
Australia,2020-11-07,53.24
Australia,2020-11-08,55.09
Australia,2020-11-09,55.09
Australia,2020-11-10,55.09
Australia,2020-11-11,55.09
Australia,2020-11-12,55.09
Australia,2020-11-13,55.09
Australia,2020-11-14,55.09
Australia,2020-11-15,55.09
Australia,2020-11-16,55.09
Australia,2020-11-17,55.09
Australia,2020-11-18,55.09
Australia,2020-11-19,55.09
Australia,2020-11-20,55.09
Australia,2020-11-21,55.09
Australia,2020-11-22,50.0
Australia,2020-11-23,50.0
Australia,2020-11-24,50.0
Australia,2020-11-25,50.0
Australia,2020-11-26,50.0
Australia,2020-11-27,50.0
Australia,2020-11-28,50.0
Australia,2020-11-29,50.0
Australia,2020-11-30,50.0
Australia,2020-12-01,62.5
Australia,2020-12-02,62.5
Australia,2020-12-03,62.5
Australia,2020-12-04,62.5
Australia,2020-12-05,62.5
Australia,2020-12-06,62.5
Australia,2020-12-07,62.5
Australia,2020-12-08,62.5
Australia,2020-12-09,62.5
Australia,2020-12-10,62.5
Australia,2020-12-11,62.5
Australia,2020-12-12,62.5
Australia,2020-12-13,62.5
Australia,2020-12-14,62.5
Australia,2020-12-15,62.5
Australia,2020-12-16,62.5
Australia,2020-12-17,62.5
Australia,2020-12-18,62.5
Australia,2020-12-19,70.83
Australia,2020-12-20,70.83
Australia,2020-12-21,70.83
Australia,2020-12-22,70.83
Australia,2020-12-23,70.83
Australia,2020-12-24,70.83
Australia,2020-12-25,70.83
Australia,2020-12-26,70.83
Australia,2020-12-27,70.83
Australia,2020-12-28,70.83
Australia,2020-12-29,70.83
Australia,2020-12-30,70.83
Australia,2020-12-31,70.83
Australia,2021-01-01,70.83
Australia,2021-01-02,70.83
Australia,2021-01-03,70.83
Australia,2021-01-04,70.83
Australia,2021-01-05,70.83
Australia,2021-01-06,70.83
Australia,2021-01-07,70.83
Australia,2021-01-08,70.83
Australia,2021-01-09,70.83
Australia,2021-01-10,70.83
Australia,2021-01-11,55.09
Australia,2021-01-12,55.09
Australia,2021-01-13,55.09
Australia,2021-01-14,55.09
Australia,2021-01-15,55.09
Australia,2021-01-16,55.09
Australia,2021-01-17,55.09
Australia,2021-01-18,55.09
Australia,2021-01-19,55.09
Australia,2021-01-20,55.09
Australia,2021-01-21,55.09
Australia,2021-01-22,55.09
Australia,2021-01-23,55.09
Australia,2021-01-24,55.09
Australia,2021-01-25,55.09
Australia,2021-01-26,55.09
Australia,2021-01-27,55.09
Australia,2021-01-28,55.09
Australia,2021-01-29,55.09
Australia,2021-01-30,55.09
Australia,2021-01-31,70.83
Australia,2021-02-01,78.24
Australia,2021-02-02,78.24
Australia,2021-02-03,78.24
Australia,2021-02-04,78.24
Australia,2021-02-05,63.43
Australia,2021-02-06,63.43
Australia,2021-02-07,63.43
Australia,2021-02-08,56.02
Australia,2021-02-09,56.02
Australia,2021-02-10,56.02
Australia,2021-02-11,56.02
Australia,2021-02-12,74.54
Australia,2021-02-13,74.54
Australia,2021-02-14,74.54
Australia,2021-02-15,81.94
Australia,2021-02-16,79.17
Australia,2021-02-17,79.17
Australia,2021-02-18,53.24
Australia,2021-02-19,53.24
Australia,2021-02-20,53.24
Australia,2021-02-21,53.24
Australia,2021-02-22,53.24
Australia,2021-02-23,
Australia,2021-02-24,
Canada,2020-01-26,2.78
Canada,2020-01-27,2.78
Canada,2020-01-28,2.78
Canada,2020-01-29,2.78
Canada,2020-01-30,2.78
Canada,2020-01-31,2.78
Canada,2020-02-01,2.78
Canada,2020-02-02,2.78
Canada,2020-02-03,2.78
Canada,2020-02-04,2.78
Canada,2020-02-05,2.78
Canada,2020-02-06,2.78
Canada,2020-02-07,2.78
Canada,2020-02-08,2.78
Canada,2020-02-09,2.78
Canada,2020-02-10,2.78
Canada,2020-02-11,2.78
Canada,2020-02-12,2.78
Canada,2020-02-13,2.78
Canada,2020-02-14,2.78
Canada,2020-02-15,2.78
Canada,2020-02-16,2.78
Canada,2020-02-17,2.78
Canada,2020-02-18,2.78
Canada,2020-02-19,2.78
Canada,2020-02-20,2.78
Canada,2020-02-21,2.78
Canada,2020-02-22,2.78
Canada,2020-02-23,2.78
Canada,2020-02-24,2.78
Canada,2020-02-25,2.78
Canada,2020-02-26,2.78
Canada,2020-02-27,2.78
Canada,2020-02-28,2.78
Canada,2020-02-29,2.78
Canada,2020-03-01,2.78
Canada,2020-03-02,2.78
Canada,2020-03-03,2.78
Canada,2020-03-04,2.78
Canada,2020-03-05,2.78
Canada,2020-03-06,2.78
Canada,2020-03-07,2.78
Canada,2020-03-08,2.78
Canada,2020-03-09,2.78
Canada,2020-03-10,2.78
Canada,2020-03-11,13.89
Canada,2020-03-12,22.22
Canada,2020-03-13,22.22
Canada,2020-03-14,24.07
Canada,2020-03-15,24.07
Canada,2020-03-16,43.52
Canada,2020-03-17,43.52
Canada,2020-03-18,61.11
Canada,2020-03-19,61.11
Canada,2020-03-20,71.3
Canada,2020-03-21,71.3
Canada,2020-03-22,71.3
Canada,2020-03-23,72.69
Canada,2020-03-24,72.69
Canada,2020-03-25,72.69
Canada,2020-03-26,72.69
Canada,2020-03-27,72.69
Canada,2020-03-28,72.69
Canada,2020-03-29,72.69
Canada,2020-03-30,72.69
Canada,2020-03-31,72.69
Canada,2020-04-01,74.54
Canada,2020-04-02,74.54
Canada,2020-04-03,74.54
Canada,2020-04-04,72.69
Canada,2020-04-05,72.69
Canada,2020-04-06,72.69
Canada,2020-04-07,72.69
Canada,2020-04-08,72.69
Canada,2020-04-09,72.69
Canada,2020-04-10,72.69
Canada,2020-04-11,72.69
Canada,2020-04-12,72.69
Canada,2020-04-13,72.69
Canada,2020-04-14,72.69
Canada,2020-04-15,72.69
Canada,2020-04-16,72.69
Canada,2020-04-17,72.69
Canada,2020-04-18,72.69
Canada,2020-04-19,72.69
Canada,2020-04-20,72.69
Canada,2020-04-21,72.69
Canada,2020-04-22,72.69
Canada,2020-04-23,72.69
Canada,2020-04-24,72.69
Canada,2020-04-25,72.69
Canada,2020-04-26,72.69
Canada,2020-04-27,72.69
Canada,2020-04-28,72.69
Canada,2020-04-29,72.69
Canada,2020-04-30,72.69
Canada,2020-05-01,72.69
Canada,2020-05-02,72.69
Canada,2020-05-03,72.69
Canada,2020-05-04,72.69
Canada,2020-05-05,72.69
Canada,2020-05-06,72.69
Canada,2020-05-07,72.69
Canada,2020-05-08,72.69
Canada,2020-05-09,72.69
Canada,2020-05-10,72.69
Canada,2020-05-11,70.83
Canada,2020-05-12,70.83
Canada,2020-05-13,70.83
Canada,2020-05-14,70.83
Canada,2020-05-15,70.83
Canada,2020-05-16,70.83
Canada,2020-05-17,70.83
Canada,2020-05-18,70.83
Canada,2020-05-19,70.83
Canada,2020-05-20,70.83
Canada,2020-05-21,70.83
Canada,2020-05-22,70.83
Canada,2020-05-23,70.83
Canada,2020-05-24,70.83
Canada,2020-05-25,70.83
Canada,2020-05-26,70.83
Canada,2020-05-27,70.83
Canada,2020-05-28,70.83
Canada,2020-05-29,70.83
Canada,2020-05-30,70.83
Canada,2020-05-31,70.83
Canada,2020-06-01,70.83
Canada,2020-06-02,70.83
Canada,2020-06-03,70.83
Canada,2020-06-04,70.83
Canada,2020-06-05,70.83
Canada,2020-06-06,70.83
Canada,2020-06-07,70.83
Canada,2020-06-08,70.83
Canada,2020-06-09,70.83
Canada,2020-06-10,70.83
Canada,2020-06-11,70.83
Canada,2020-06-12,70.83
Canada,2020-06-13,70.83
Canada,2020-06-14,70.83
Canada,2020-06-15,70.83
Canada,2020-06-16,70.83
Canada,2020-06-17,70.83
Canada,2020-06-18,70.83
Canada,2020-06-19,70.83
Canada,2020-06-20,70.83
Canada,2020-06-21,70.83
Canada,2020-06-22,68.98
Canada,2020-06-23,68.98
Canada,2020-06-24,68.98
Canada,2020-06-25,68.98
Canada,2020-06-26,68.98
Canada,2020-06-27,68.98
Canada,2020-06-28,68.98
Canada,2020-06-29,68.98
Canada,2020-06-30,68.98
Canada,2020-07-01,68.98
Canada,2020-07-02,68.98
Canada,2020-07-03,68.98
Canada,2020-07-04,68.98
Canada,2020-07-05,68.98
Canada,2020-07-06,68.98
Canada,2020-07-07,68.98
Canada,2020-07-08,68.98
Canada,2020-07-09,67.13
Canada,2020-07-10,67.13
Canada,2020-07-11,67.13
Canada,2020-07-12,67.13
Canada,2020-07-13,67.13
Canada,2020-07-14,67.13
Canada,2020-07-15,67.13
Canada,2020-07-16,67.13
Canada,2020-07-17,67.13
Canada,2020-07-18,67.13
Canada,2020-07-19,67.13
Canada,2020-07-20,67.13
Canada,2020-07-21,67.13
Canada,2020-07-22,67.13
Canada,2020-07-23,67.13
Canada,2020-07-24,67.13
Canada,2020-07-25,67.13
Canada,2020-07-26,67.13
Canada,2020-07-27,67.13
Canada,2020-07-28,67.13
Canada,2020-07-29,67.13
Canada,2020-07-30,67.13
Canada,2020-07-31,67.13
Canada,2020-08-01,67.13
Canada,2020-08-02,67.13
Canada,2020-08-03,67.13
Canada,2020-08-04,67.13
Canada,2020-08-05,67.13
Canada,2020-08-06,67.13
Canada,2020-08-07,67.13
Canada,2020-08-08,67.13
Canada,2020-08-09,67.13
Canada,2020-08-10,67.13
Canada,2020-08-11,67.13
Canada,2020-08-12,67.13
Canada,2020-08-13,67.13
Canada,2020-08-14,67.13
Canada,2020-08-15,67.13
Canada,2020-08-16,67.13
Canada,2020-08-17,67.13
Canada,2020-08-18,67.13
Canada,2020-08-19,67.13
Canada,2020-08-20,67.13
Canada,2020-08-21,67.13
Canada,2020-08-22,67.13
Canada,2020-08-23,67.13
Canada,2020-08-24,67.13
Canada,2020-08-25,64.35
Canada,2020-08-26,64.35
Canada,2020-08-27,64.35
Canada,2020-08-28,67.13
Canada,2020-08-29,67.13
Canada,2020-08-30,67.13
Canada,2020-08-31,67.13
Canada,2020-09-01,67.13
Canada,2020-09-02,67.13
Canada,2020-09-03,67.13
Canada,2020-09-04,67.13
Canada,2020-09-05,67.13
Canada,2020-09-06,67.13
Canada,2020-09-07,67.13
Canada,2020-09-08,63.43
Canada,2020-09-09,63.43
Canada,2020-09-10,63.43
Canada,2020-09-11,63.43
Canada,2020-09-12,63.43
Canada,2020-09-13,63.43
Canada,2020-09-14,63.43
Canada,2020-09-15,63.43
Canada,2020-09-16,63.43
Canada,2020-09-17,63.43
Canada,2020-09-18,63.43
Canada,2020-09-19,63.43
Canada,2020-09-20,63.43
Canada,2020-09-21,63.43
Canada,2020-09-22,63.43
Canada,2020-09-23,63.43
Canada,2020-09-24,63.43
Canada,2020-09-25,63.43
Canada,2020-09-26,63.43
Canada,2020-09-27,63.43
Canada,2020-09-28,63.43
Canada,2020-09-29,63.43
Canada,2020-09-30,63.43
Canada,2020-10-01,63.43
Canada,2020-10-02,63.43
Canada,2020-10-03,63.43
Canada,2020-10-04,63.43
Canada,2020-10-05,63.43
Canada,2020-10-06,63.43
Canada,2020-10-07,63.43
Canada,2020-10-08,63.43
Canada,2020-10-09,63.43
Canada,2020-10-10,63.43
Canada,2020-10-11,63.43
Canada,2020-10-12,63.43
Canada,2020-10-13,63.43
Canada,2020-10-14,63.43
Canada,2020-10-15,63.43
Canada,2020-10-16,63.43
Canada,2020-10-17,63.43
Canada,2020-10-18,63.43
Canada,2020-10-19,63.43
Canada,2020-10-20,63.43
Canada,2020-10-21,63.43
Canada,2020-10-22,63.43
Canada,2020-10-23,63.43
Canada,2020-10-24,63.43
Canada,2020-10-25,63.43
Canada,2020-10-26,63.43
Canada,2020-10-27,63.43
Canada,2020-10-28,63.43
Canada,2020-10-29,63.43
Canada,2020-10-30,63.43
Canada,2020-10-31,63.43
Canada,2020-11-01,63.43
Canada,2020-11-02,63.43
Canada,2020-11-03,63.43
Canada,2020-11-04,63.43
Canada,2020-11-05,63.43
Canada,2020-11-06,63.43
Canada,2020-11-07,63.43
Canada,2020-11-08,63.43
Canada,2020-11-09,63.43
Canada,2020-11-10,63.43
Canada,2020-11-11,63.43
Canada,2020-11-12,63.43
Canada,2020-11-13,63.43
Canada,2020-11-14,63.43
Canada,2020-11-15,63.43
Canada,2020-11-16,63.43
Canada,2020-11-17,63.43
Canada,2020-11-18,67.13
Canada,2020-11-19,67.13
Canada,2020-11-20,67.13
Canada,2020-11-21,67.13
Canada,2020-11-22,67.13
Canada,2020-11-23,67.13
Canada,2020-11-24,67.13
Canada,2020-11-25,67.13
Canada,2020-11-26,67.13
Canada,2020-11-27,67.13
Canada,2020-11-28,67.13
Canada,2020-11-29,67.13
Canada,2020-11-30,67.13
Canada,2020-12-01,67.13
Canada,2020-12-02,67.13
Canada,2020-12-03,67.13
Canada,2020-12-04,67.13
Canada,2020-12-05,67.13
Canada,2020-12-06,67.13
Canada,2020-12-07,67.13
Canada,2020-12-08,67.13
Canada,2020-12-09,67.13
Canada,2020-12-10,67.13
Canada,2020-12-11,67.13
Canada,2020-12-12,67.13
Canada,2020-12-13,67.13
Canada,2020-12-14,67.13
Canada,2020-12-15,67.13
Canada,2020-12-16,67.13
Canada,2020-12-17,67.13
Canada,2020-12-18,67.13
Canada,2020-12-19,67.13
Canada,2020-12-20,67.13
Canada,2020-12-21,67.13
Canada,2020-12-22,67.13
Canada,2020-12-23,67.13
Canada,2020-12-24,67.13
Canada,2020-12-25,67.13
Canada,2020-12-26,67.13
Canada,2020-12-27,67.13
Canada,2020-12-28,67.13
Canada,2020-12-29,67.13
Canada,2020-12-30,67.13
Canada,2020-12-31,67.13
Canada,2021-01-01,67.13
Canada,2021-01-02,67.13
Canada,2021-01-03,67.13
Canada,2021-01-04,67.13
Canada,2021-01-05,67.13
Canada,2021-01-06,69.91
Canada,2021-01-07,69.91
Canada,2021-01-08,69.91
Canada,2021-01-09,71.76
Canada,2021-01-10,71.76
Canada,2021-01-11,75.46
Canada,2021-01-12,75.46
Canada,2021-01-13,75.46
Canada,2021-01-14,75.46
Canada,2021-01-15,75.46
Canada,2021-01-16,75.46
Canada,2021-01-17,75.46
Canada,2021-01-18,75.46
Canada,2021-01-19,75.46
Canada,2021-01-20,75.46
Canada,2021-01-21,75.46
Canada,2021-01-22,75.46
Canada,2021-01-23,75.46
Canada,2021-01-24,75.46
Canada,2021-01-25,75.46
Canada,2021-01-26,75.46
Canada,2021-01-27,75.46
Canada,2021-01-28,75.46
Canada,2021-01-29,75.46
Canada,2021-01-30,75.46
Canada,2021-01-31,75.46
Canada,2021-02-01,75.46
Canada,2021-02-02,75.46
Canada,2021-02-03,75.46
Canada,2021-02-04,75.46
Canada,2021-02-05,75.46
Canada,2021-02-06,75.46
Canada,2021-02-07,75.46
Canada,2021-02-08,75.46
Canada,2021-02-09,75.46
Canada,2021-02-10,75.46
Canada,2021-02-11,75.46
Canada,2021-02-12,75.46
Canada,2021-02-13,75.46
Canada,2021-02-14,75.46
Canada,2021-02-15,75.46
Canada,2021-02-16,75.46
Canada,2021-02-17,75.46
Canada,2021-02-18,75.46
Canada,2021-02-19,75.46
Canada,2021-02-20,
Canada,2021-02-21,
Canada,2021-02-22,
Canada,2021-02-23,
Canada,2021-02-24,
Mexico,2020-01-01,0.0
Mexico,2020-01-02,0.0
Mexico,2020-01-03,0.0
Mexico,2020-01-04,0.0
Mexico,2020-01-05,0.0
Mexico,2020-01-06,0.0
Mexico,2020-01-07,0.0
Mexico,2020-01-08,0.0
Mexico,2020-01-09,0.0
Mexico,2020-01-10,0.0
Mexico,2020-01-11,0.0
Mexico,2020-01-12,0.0
Mexico,2020-01-13,0.0
Mexico,2020-01-14,0.0
Mexico,2020-01-15,0.0
Mexico,2020-01-16,0.0
Mexico,2020-01-17,0.0
Mexico,2020-01-18,0.0
Mexico,2020-01-19,0.0
Mexico,2020-01-20,0.0
Mexico,2020-01-21,0.0
Mexico,2020-01-22,0.0
Mexico,2020-01-23,0.0
Mexico,2020-01-24,0.0
Mexico,2020-01-25,0.0
Mexico,2020-01-26,0.0
Mexico,2020-01-27,0.0
Mexico,2020-01-28,0.0
Mexico,2020-01-29,0.0
Mexico,2020-01-30,0.0
Mexico,2020-01-31,0.0
Mexico,2020-02-01,0.0
Mexico,2020-02-02,0.0
Mexico,2020-02-03,0.0
Mexico,2020-02-04,0.0
Mexico,2020-02-05,0.0
Mexico,2020-02-06,0.0
Mexico,2020-02-07,0.0
Mexico,2020-02-08,0.0
Mexico,2020-02-09,0.0
Mexico,2020-02-10,0.0
Mexico,2020-02-11,0.0
Mexico,2020-02-12,0.0
Mexico,2020-02-13,0.0
Mexico,2020-02-14,0.0
Mexico,2020-02-15,0.0
Mexico,2020-02-16,0.0
Mexico,2020-02-17,0.0
Mexico,2020-02-18,0.0
Mexico,2020-02-19,0.0
Mexico,2020-02-20,0.0
Mexico,2020-02-21,0.0
Mexico,2020-02-22,0.0
Mexico,2020-02-23,0.0
Mexico,2020-02-24,0.0
Mexico,2020-02-25,0.0
Mexico,2020-02-26,0.0
Mexico,2020-02-27,0.0
Mexico,2020-02-28,2.78
Mexico,2020-02-29,2.78
Mexico,2020-03-01,2.78
Mexico,2020-03-02,2.78
Mexico,2020-03-03,2.78
Mexico,2020-03-04,2.78
Mexico,2020-03-05,2.78
Mexico,2020-03-06,2.78
Mexico,2020-03-07,2.78
Mexico,2020-03-08,2.78
Mexico,2020-03-09,2.78
Mexico,2020-03-10,2.78
Mexico,2020-03-11,2.78
Mexico,2020-03-12,2.78
Mexico,2020-03-13,2.78
Mexico,2020-03-14,2.78
Mexico,2020-03-15,2.78
Mexico,2020-03-16,2.78
Mexico,2020-03-17,2.78
Mexico,2020-03-18,2.78
Mexico,2020-03-19,2.78
Mexico,2020-03-20,2.78
Mexico,2020-03-21,8.33
Mexico,2020-03-22,8.33
Mexico,2020-03-23,19.44
Mexico,2020-03-24,52.78
Mexico,2020-03-25,52.78
Mexico,2020-03-26,63.89
Mexico,2020-03-27,63.89
Mexico,2020-03-28,63.89
Mexico,2020-03-29,63.89
Mexico,2020-03-30,82.41
Mexico,2020-03-31,82.41
Mexico,2020-04-01,82.41
Mexico,2020-04-02,82.41
Mexico,2020-04-03,82.41
Mexico,2020-04-04,82.41
Mexico,2020-04-05,82.41
Mexico,2020-04-06,82.41
Mexico,2020-04-07,82.41
Mexico,2020-04-08,82.41
Mexico,2020-04-09,82.41
Mexico,2020-04-10,82.41
Mexico,2020-04-11,82.41
Mexico,2020-04-12,82.41
Mexico,2020-04-13,82.41
Mexico,2020-04-14,82.41
Mexico,2020-04-15,82.41
Mexico,2020-04-16,82.41
Mexico,2020-04-17,82.41
Mexico,2020-04-18,82.41
Mexico,2020-04-19,82.41
Mexico,2020-04-20,82.41
Mexico,2020-04-21,82.41
Mexico,2020-04-22,82.41
Mexico,2020-04-23,82.41
Mexico,2020-04-24,82.41
Mexico,2020-04-25,82.41
Mexico,2020-04-26,82.41
Mexico,2020-04-27,82.41
Mexico,2020-04-28,82.41
Mexico,2020-04-29,82.41
Mexico,2020-04-30,82.41
Mexico,2020-05-01,82.41
Mexico,2020-05-02,82.41
Mexico,2020-05-03,82.41
Mexico,2020-05-04,82.41
Mexico,2020-05-05,82.41
Mexico,2020-05-06,82.41
Mexico,2020-05-07,82.41
Mexico,2020-05-08,82.41
Mexico,2020-05-09,82.41
Mexico,2020-05-10,82.41
Mexico,2020-05-11,82.41
Mexico,2020-05-12,82.41
Mexico,2020-05-13,82.41
Mexico,2020-05-14,82.41
Mexico,2020-05-15,82.41
Mexico,2020-05-16,82.41
Mexico,2020-05-17,82.41
Mexico,2020-05-18,82.41
Mexico,2020-05-19,82.41
Mexico,2020-05-20,82.41
Mexico,2020-05-21,82.41
Mexico,2020-05-22,82.41
Mexico,2020-05-23,82.41
Mexico,2020-05-24,82.41
Mexico,2020-05-25,82.41
Mexico,2020-05-26,82.41
Mexico,2020-05-27,82.41
Mexico,2020-05-28,82.41
Mexico,2020-05-29,82.41
Mexico,2020-05-30,82.41
Mexico,2020-05-31,82.41
Mexico,2020-06-01,72.69
Mexico,2020-06-02,72.69
Mexico,2020-06-03,72.69
Mexico,2020-06-04,72.69
Mexico,2020-06-05,72.69
Mexico,2020-06-06,72.69
Mexico,2020-06-07,72.69
Mexico,2020-06-08,72.69
Mexico,2020-06-09,72.69
Mexico,2020-06-10,72.69
Mexico,2020-06-11,72.69
Mexico,2020-06-12,70.83
Mexico,2020-06-13,70.83
Mexico,2020-06-14,70.83
Mexico,2020-06-15,70.83
Mexico,2020-06-16,70.83
Mexico,2020-06-17,70.83
Mexico,2020-06-18,70.83
Mexico,2020-06-19,70.83
Mexico,2020-06-20,70.83
Mexico,2020-06-21,70.83
Mexico,2020-06-22,70.83
Mexico,2020-06-23,70.83
Mexico,2020-06-24,70.83
Mexico,2020-06-25,70.83
Mexico,2020-06-26,70.83
Mexico,2020-06-27,70.83
Mexico,2020-06-28,70.83
Mexico,2020-06-29,70.83
Mexico,2020-06-30,70.83
Mexico,2020-07-01,70.83
Mexico,2020-07-02,70.83
Mexico,2020-07-03,70.83
Mexico,2020-07-04,70.83
Mexico,2020-07-05,70.83
Mexico,2020-07-06,70.83
Mexico,2020-07-07,70.83
Mexico,2020-07-08,70.83
Mexico,2020-07-09,70.83
Mexico,2020-07-10,70.83
Mexico,2020-07-11,70.83
Mexico,2020-07-12,70.83
Mexico,2020-07-13,70.83
Mexico,2020-07-14,70.83
Mexico,2020-07-15,70.83
Mexico,2020-07-16,70.83
Mexico,2020-07-17,70.83
Mexico,2020-07-18,70.83
Mexico,2020-07-19,70.83
Mexico,2020-07-20,70.83
Mexico,2020-07-21,70.83
Mexico,2020-07-22,70.83
Mexico,2020-07-23,70.83
Mexico,2020-07-24,70.83
Mexico,2020-07-25,70.83
Mexico,2020-07-26,70.83
Mexico,2020-07-27,70.83
Mexico,2020-07-28,70.83
Mexico,2020-07-29,70.83
Mexico,2020-07-30,70.83
Mexico,2020-07-31,70.83
Mexico,2020-08-01,70.83
Mexico,2020-08-02,70.83
Mexico,2020-08-03,70.83
Mexico,2020-08-04,70.83
Mexico,2020-08-05,70.83
Mexico,2020-08-06,70.83
Mexico,2020-08-07,70.83
Mexico,2020-08-08,70.83
Mexico,2020-08-09,70.83
Mexico,2020-08-10,70.83
Mexico,2020-08-11,70.83
Mexico,2020-08-12,70.83
Mexico,2020-08-13,70.83
Mexico,2020-08-14,70.83
Mexico,2020-08-15,70.83
Mexico,2020-08-16,70.83
Mexico,2020-08-17,70.83
Mexico,2020-08-18,70.83
Mexico,2020-08-19,70.83
Mexico,2020-08-20,74.54
Mexico,2020-08-21,74.54
Mexico,2020-08-22,74.54
Mexico,2020-08-23,74.54
Mexico,2020-08-24,74.54
Mexico,2020-08-25,74.54
Mexico,2020-08-26,74.54
Mexico,2020-08-27,74.54
Mexico,2020-08-28,74.54
Mexico,2020-08-29,74.54
Mexico,2020-08-30,74.54
Mexico,2020-08-31,74.54
Mexico,2020-09-01,74.54
Mexico,2020-09-02,74.54
Mexico,2020-09-03,74.54
Mexico,2020-09-04,74.54
Mexico,2020-09-05,74.54
Mexico,2020-09-06,74.54
Mexico,2020-09-07,74.54
Mexico,2020-09-08,74.54
Mexico,2020-09-09,74.54
Mexico,2020-09-10,74.54
Mexico,2020-09-11,67.13
Mexico,2020-09-12,67.13
Mexico,2020-09-13,67.13
Mexico,2020-09-14,67.13
Mexico,2020-09-15,67.13
Mexico,2020-09-16,67.13
Mexico,2020-09-17,67.13
Mexico,2020-09-18,69.91
Mexico,2020-09-19,69.91
Mexico,2020-09-20,69.91
Mexico,2020-09-21,69.91
Mexico,2020-09-22,73.61
Mexico,2020-09-23,73.61
Mexico,2020-09-24,73.61
Mexico,2020-09-25,73.61
Mexico,2020-09-26,73.61
Mexico,2020-09-27,73.61
Mexico,2020-09-28,73.61
Mexico,2020-09-29,73.61
Mexico,2020-09-30,73.61
Mexico,2020-10-01,73.61
Mexico,2020-10-02,73.61
Mexico,2020-10-03,73.61
Mexico,2020-10-04,73.61
Mexico,2020-10-05,73.61
Mexico,2020-10-06,73.61
Mexico,2020-10-07,73.61
Mexico,2020-10-08,73.61
Mexico,2020-10-09,71.76
Mexico,2020-10-10,71.76
Mexico,2020-10-11,71.76
Mexico,2020-10-12,71.76
Mexico,2020-10-13,71.76
Mexico,2020-10-14,71.76
Mexico,2020-10-15,71.76
Mexico,2020-10-16,71.76
Mexico,2020-10-17,71.76
Mexico,2020-10-18,71.76
Mexico,2020-10-19,71.76
Mexico,2020-10-20,71.76
Mexico,2020-10-21,71.76
Mexico,2020-10-22,71.76
Mexico,2020-10-23,71.76
Mexico,2020-10-24,71.76
Mexico,2020-10-25,71.76
Mexico,2020-10-26,71.76
Mexico,2020-10-27,71.76
Mexico,2020-10-28,71.76
Mexico,2020-10-29,71.76
Mexico,2020-10-30,71.76
Mexico,2020-10-31,71.76
Mexico,2020-11-01,71.76
Mexico,2020-11-02,71.76
Mexico,2020-11-03,71.76
Mexico,2020-11-04,71.76
Mexico,2020-11-05,71.76
Mexico,2020-11-06,71.76
Mexico,2020-11-07,71.76
Mexico,2020-11-08,71.76
Mexico,2020-11-09,71.76
Mexico,2020-11-10,71.76
Mexico,2020-11-11,71.76
Mexico,2020-11-12,71.76
Mexico,2020-11-13,71.76
Mexico,2020-11-14,71.76
Mexico,2020-11-15,71.76
Mexico,2020-11-16,71.76
Mexico,2020-11-17,71.76
Mexico,2020-11-18,71.76
Mexico,2020-11-19,71.76
Mexico,2020-11-20,71.76
Mexico,2020-11-21,71.76
Mexico,2020-11-22,71.76
Mexico,2020-11-23,71.76
Mexico,2020-11-24,71.76
Mexico,2020-11-25,71.76
Mexico,2020-11-26,71.76
Mexico,2020-11-27,71.76
Mexico,2020-11-28,71.76
Mexico,2020-11-29,71.76
Mexico,2020-11-30,71.76
Mexico,2020-12-01,71.76
Mexico,2020-12-02,71.76
Mexico,2020-12-03,71.76
Mexico,2020-12-04,71.76
Mexico,2020-12-05,71.76
Mexico,2020-12-06,71.76
Mexico,2020-12-07,71.76
Mexico,2020-12-08,71.76
Mexico,2020-12-09,71.76
Mexico,2020-12-10,71.76
Mexico,2020-12-11,71.76
Mexico,2020-12-12,71.76
Mexico,2020-12-13,71.76
Mexico,2020-12-14,71.76
Mexico,2020-12-15,71.76
Mexico,2020-12-16,71.76
Mexico,2020-12-17,71.76
Mexico,2020-12-18,71.76
Mexico,2020-12-19,71.76
Mexico,2020-12-20,71.76
Mexico,2020-12-21,71.76
Mexico,2020-12-22,71.76
Mexico,2020-12-23,71.76
Mexico,2020-12-24,71.76
Mexico,2020-12-25,71.76
Mexico,2020-12-26,71.76
Mexico,2020-12-27,71.76
Mexico,2020-12-28,71.76
Mexico,2020-12-29,71.76
Mexico,2020-12-30,71.76
Mexico,2020-12-31,71.76
Mexico,2021-01-01,71.76
Mexico,2021-01-02,71.76
Mexico,2021-01-03,71.76
Mexico,2021-01-04,73.15
Mexico,2021-01-05,73.15
Mexico,2021-01-06,73.15
Mexico,2021-01-07,73.15
Mexico,2021-01-08,73.15
Mexico,2021-01-09,73.15
Mexico,2021-01-10,73.15
Mexico,2021-01-11,73.15
Mexico,2021-01-12,73.15
Mexico,2021-01-13,73.15
Mexico,2021-01-14,73.15
Mexico,2021-01-15,73.15
Mexico,2021-01-16,73.15
Mexico,2021-01-17,73.15
Mexico,2021-01-18,73.15
Mexico,2021-01-19,71.76
Mexico,2021-01-20,71.76
Mexico,2021-01-21,71.76
Mexico,2021-01-22,71.76
Mexico,2021-01-23,71.76
Mexico,2021-01-24,71.76
Mexico,2021-01-25,71.76
Mexico,2021-01-26,71.76
Mexico,2021-01-27,71.76
Mexico,2021-01-28,71.76
Mexico,2021-01-29,71.76
Mexico,2021-01-30,71.76
Mexico,2021-01-31,71.76
Mexico,2021-02-01,71.76
Mexico,2021-02-02,71.76
Mexico,2021-02-03,71.76
Mexico,2021-02-04,71.76
Mexico,2021-02-05,71.76
Mexico,2021-02-06,71.76
Mexico,2021-02-07,71.76
Mexico,2021-02-08,71.76
Mexico,2021-02-09,62.04
Mexico,2021-02-10,62.04
Mexico,2021-02-11,62.04
Mexico,2021-02-12,62.04
Mexico,2021-02-13,62.04
Mexico,2021-02-14,62.04
Mexico,2021-02-15,57.41
Mexico,2021-02-16,57.41
Mexico,2021-02-17,57.41
Mexico,2021-02-18,57.41
Mexico,2021-02-19,57.41
Mexico,2021-02-20,57.41
Mexico,2021-02-21,57.41
Mexico,2021-02-22,57.41
Mexico,2021-02-23,
Mexico,2021-02-24,
United Kingdom,2020-01-31,8.33
United Kingdom,2020-02-01,8.33
United Kingdom,2020-02-02,11.11
United Kingdom,2020-02-03,11.11
United Kingdom,2020-02-04,11.11
United Kingdom,2020-02-05,11.11
United Kingdom,2020-02-06,11.11
United Kingdom,2020-02-07,11.11
United Kingdom,2020-02-08,11.11
United Kingdom,2020-02-09,11.11
United Kingdom,2020-02-10,11.11
United Kingdom,2020-02-11,11.11
United Kingdom,2020-02-12,11.11
United Kingdom,2020-02-13,11.11
United Kingdom,2020-02-14,11.11
United Kingdom,2020-02-15,11.11
United Kingdom,2020-02-16,11.11
United Kingdom,2020-02-17,11.11
United Kingdom,2020-02-18,11.11
United Kingdom,2020-02-19,11.11
United Kingdom,2020-02-20,11.11
United Kingdom,2020-02-21,11.11
United Kingdom,2020-02-22,11.11
United Kingdom,2020-02-23,11.11
United Kingdom,2020-02-24,11.11
United Kingdom,2020-02-25,11.11
United Kingdom,2020-02-26,11.11
United Kingdom,2020-02-27,11.11
United Kingdom,2020-02-28,11.11
United Kingdom,2020-02-29,11.11
United Kingdom,2020-03-01,11.11
United Kingdom,2020-03-02,11.11
United Kingdom,2020-03-03,11.11
United Kingdom,2020-03-04,11.11
United Kingdom,2020-03-05,11.11
United Kingdom,2020-03-06,11.11
United Kingdom,2020-03-07,11.11
United Kingdom,2020-03-08,11.11
United Kingdom,2020-03-09,11.11
United Kingdom,2020-03-10,11.11
United Kingdom,2020-03-11,11.11
United Kingdom,2020-03-12,11.11
United Kingdom,2020-03-13,12.96
United Kingdom,2020-03-14,12.96
United Kingdom,2020-03-15,12.96
United Kingdom,2020-03-16,16.67
United Kingdom,2020-03-17,22.22
United Kingdom,2020-03-18,31.48
United Kingdom,2020-03-19,31.48
United Kingdom,2020-03-20,37.04
United Kingdom,2020-03-21,47.22
United Kingdom,2020-03-22,62.04
United Kingdom,2020-03-23,78.24
United Kingdom,2020-03-24,79.63
United Kingdom,2020-03-25,79.63
United Kingdom,2020-03-26,79.63
United Kingdom,2020-03-27,79.63
United Kingdom,2020-03-28,79.63
United Kingdom,2020-03-29,79.63
United Kingdom,2020-03-30,79.63
United Kingdom,2020-03-31,79.63
United Kingdom,2020-04-01,79.63
United Kingdom,2020-04-02,79.63
United Kingdom,2020-04-03,79.63
United Kingdom,2020-04-04,79.63
United Kingdom,2020-04-05,79.63
United Kingdom,2020-04-06,79.63
United Kingdom,2020-04-07,79.63
United Kingdom,2020-04-08,79.63
United Kingdom,2020-04-09,79.63
United Kingdom,2020-04-10,79.63
United Kingdom,2020-04-11,79.63
United Kingdom,2020-04-12,79.63
United Kingdom,2020-04-13,79.63
United Kingdom,2020-04-14,79.63
United Kingdom,2020-04-15,79.63
United Kingdom,2020-04-16,79.63
United Kingdom,2020-04-17,79.63
United Kingdom,2020-04-18,79.63
United Kingdom,2020-04-19,79.63
United Kingdom,2020-04-20,79.63
United Kingdom,2020-04-21,79.63
United Kingdom,2020-04-22,79.63
United Kingdom,2020-04-23,79.63
United Kingdom,2020-04-24,79.63
United Kingdom,2020-04-25,79.63
United Kingdom,2020-04-26,79.63
United Kingdom,2020-04-27,79.63
United Kingdom,2020-04-28,79.63
United Kingdom,2020-04-29,79.63
United Kingdom,2020-04-30,79.63
United Kingdom,2020-05-01,79.63
United Kingdom,2020-05-02,79.63
United Kingdom,2020-05-03,79.63
United Kingdom,2020-05-04,79.63
United Kingdom,2020-05-05,79.63
United Kingdom,2020-05-06,79.63
United Kingdom,2020-05-07,79.63
United Kingdom,2020-05-08,79.63
United Kingdom,2020-05-09,79.63
United Kingdom,2020-05-10,79.63
United Kingdom,2020-05-11,77.78
United Kingdom,2020-05-12,77.78
United Kingdom,2020-05-13,71.3
United Kingdom,2020-05-14,71.3
United Kingdom,2020-05-15,71.3
United Kingdom,2020-05-16,71.3
United Kingdom,2020-05-17,71.3
United Kingdom,2020-05-18,71.3
United Kingdom,2020-05-19,71.3
United Kingdom,2020-05-20,71.3
United Kingdom,2020-05-21,71.3
United Kingdom,2020-05-22,71.3
United Kingdom,2020-05-23,71.3
United Kingdom,2020-05-24,71.3
United Kingdom,2020-05-25,71.3
United Kingdom,2020-05-26,71.3
United Kingdom,2020-05-27,71.3
United Kingdom,2020-05-28,71.3
United Kingdom,2020-05-29,69.44
United Kingdom,2020-05-30,69.44
United Kingdom,2020-05-31,69.44
United Kingdom,2020-06-01,67.59
United Kingdom,2020-06-02,67.59
United Kingdom,2020-06-03,67.59
United Kingdom,2020-06-04,67.59
United Kingdom,2020-06-05,67.59
United Kingdom,2020-06-06,67.59
United Kingdom,2020-06-07,67.59
United Kingdom,2020-06-08,73.15
United Kingdom,2020-06-09,73.15
United Kingdom,2020-06-10,73.15
United Kingdom,2020-06-11,73.15
United Kingdom,2020-06-12,73.15
United Kingdom,2020-06-13,73.15
United Kingdom,2020-06-14,73.15
United Kingdom,2020-06-15,71.3
United Kingdom,2020-06-16,71.3
United Kingdom,2020-06-17,71.3
United Kingdom,2020-06-18,71.3
United Kingdom,2020-06-19,71.3
United Kingdom,2020-06-20,71.3
United Kingdom,2020-06-21,71.3
United Kingdom,2020-06-22,71.3
United Kingdom,2020-06-23,71.3
United Kingdom,2020-06-24,71.3
United Kingdom,2020-06-25,71.3
United Kingdom,2020-06-26,71.3
United Kingdom,2020-06-27,71.3
United Kingdom,2020-06-28,71.3
United Kingdom,2020-06-29,71.3
United Kingdom,2020-06-30,71.3
United Kingdom,2020-07-01,71.3
United Kingdom,2020-07-02,71.3
United Kingdom,2020-07-03,71.3
United Kingdom,2020-07-04,69.91
United Kingdom,2020-07-05,69.91
United Kingdom,2020-07-06,64.35
United Kingdom,2020-07-07,64.35
United Kingdom,2020-07-08,64.35
United Kingdom,2020-07-09,64.35
United Kingdom,2020-07-10,64.35
United Kingdom,2020-07-11,64.35
United Kingdom,2020-07-12,64.35
United Kingdom,2020-07-13,64.35
United Kingdom,2020-07-14,64.35
United Kingdom,2020-07-15,64.35
United Kingdom,2020-07-16,64.35
United Kingdom,2020-07-17,64.35
United Kingdom,2020-07-18,64.35
United Kingdom,2020-07-19,64.35
United Kingdom,2020-07-20,64.35
United Kingdom,2020-07-21,64.35
United Kingdom,2020-07-22,64.35
United Kingdom,2020-07-23,64.35
United Kingdom,2020-07-24,64.35
United Kingdom,2020-07-25,64.35
United Kingdom,2020-07-26,64.35
United Kingdom,2020-07-27,64.35
United Kingdom,2020-07-28,64.35
United Kingdom,2020-07-29,64.35
United Kingdom,2020-07-30,64.35
United Kingdom,2020-07-31,64.35
United Kingdom,2020-08-01,69.91
United Kingdom,2020-08-02,69.91
United Kingdom,2020-08-03,69.91
United Kingdom,2020-08-04,69.91
United Kingdom,2020-08-05,69.91
United Kingdom,2020-08-06,69.91
United Kingdom,2020-08-07,69.91
United Kingdom,2020-08-08,69.91
United Kingdom,2020-08-09,69.91
United Kingdom,2020-08-10,69.91
United Kingdom,2020-08-11,69.91
United Kingdom,2020-08-12,69.91
United Kingdom,2020-08-13,66.2
United Kingdom,2020-08-14,66.2
United Kingdom,2020-08-15,66.2
United Kingdom,2020-08-16,66.2
United Kingdom,2020-08-17,66.2
United Kingdom,2020-08-18,66.2
United Kingdom,2020-08-19,66.2
United Kingdom,2020-08-20,66.2
United Kingdom,2020-08-21,66.2
United Kingdom,2020-08-22,66.2
United Kingdom,2020-08-23,66.2
United Kingdom,2020-08-24,66.2
United Kingdom,2020-08-25,66.2
United Kingdom,2020-08-26,66.2
United Kingdom,2020-08-27,66.2
United Kingdom,2020-08-28,66.2
United Kingdom,2020-08-29,66.2
United Kingdom,2020-08-30,66.2
United Kingdom,2020-08-31,66.2
United Kingdom,2020-09-01,64.35
United Kingdom,2020-09-02,64.35
United Kingdom,2020-09-03,64.35
United Kingdom,2020-09-04,64.35
United Kingdom,2020-09-05,64.35
United Kingdom,2020-09-06,64.35
United Kingdom,2020-09-07,64.35
United Kingdom,2020-09-08,64.35
United Kingdom,2020-09-09,64.35
United Kingdom,2020-09-10,64.35
United Kingdom,2020-09-11,64.35
United Kingdom,2020-09-12,64.35
United Kingdom,2020-09-13,64.35
United Kingdom,2020-09-14,65.74
United Kingdom,2020-09-15,65.74
United Kingdom,2020-09-16,65.74
United Kingdom,2020-09-17,65.74
United Kingdom,2020-09-18,65.74
United Kingdom,2020-09-19,65.74
United Kingdom,2020-09-20,65.74
United Kingdom,2020-09-21,65.74
United Kingdom,2020-09-22,65.74
United Kingdom,2020-09-23,65.74
United Kingdom,2020-09-24,67.59
United Kingdom,2020-09-25,67.59
United Kingdom,2020-09-26,67.59
United Kingdom,2020-09-27,67.59
United Kingdom,2020-09-28,67.59
United Kingdom,2020-09-29,67.59
United Kingdom,2020-09-30,67.59
United Kingdom,2020-10-01,67.59
United Kingdom,2020-10-02,67.59
United Kingdom,2020-10-03,67.59
United Kingdom,2020-10-04,67.59
United Kingdom,2020-10-05,67.59
United Kingdom,2020-10-06,67.59
United Kingdom,2020-10-07,67.59
United Kingdom,2020-10-08,67.59
United Kingdom,2020-10-09,67.59
United Kingdom,2020-10-10,67.59
United Kingdom,2020-10-11,67.59
United Kingdom,2020-10-12,60.19
United Kingdom,2020-10-13,60.19
United Kingdom,2020-10-14,60.19
United Kingdom,2020-10-15,60.19
United Kingdom,2020-10-16,60.19
United Kingdom,2020-10-17,60.19
United Kingdom,2020-10-18,60.19
United Kingdom,2020-10-19,65.74
United Kingdom,2020-10-20,65.74
United Kingdom,2020-10-21,65.74
United Kingdom,2020-10-22,67.59
United Kingdom,2020-10-23,75.0
United Kingdom,2020-10-24,75.0
United Kingdom,2020-10-25,75.0
United Kingdom,2020-10-26,75.0
United Kingdom,2020-10-27,75.0
United Kingdom,2020-10-28,75.0
United Kingdom,2020-10-29,75.0
United Kingdom,2020-10-30,75.0
United Kingdom,2020-10-31,75.0
United Kingdom,2020-11-01,75.0
United Kingdom,2020-11-02,75.0
United Kingdom,2020-11-03,75.0
United Kingdom,2020-11-04,75.0
United Kingdom,2020-11-05,75.0
United Kingdom,2020-11-06,75.0
United Kingdom,2020-11-07,75.0
United Kingdom,2020-11-08,75.0
United Kingdom,2020-11-09,69.44
United Kingdom,2020-11-10,67.59
United Kingdom,2020-11-11,67.59
United Kingdom,2020-11-12,67.59
United Kingdom,2020-11-13,67.59
United Kingdom,2020-11-14,67.59
United Kingdom,2020-11-15,67.59
United Kingdom,2020-11-16,67.59
United Kingdom,2020-11-17,67.59
United Kingdom,2020-11-18,67.59
United Kingdom,2020-11-19,67.59
United Kingdom,2020-11-20,70.37
United Kingdom,2020-11-21,70.37
United Kingdom,2020-11-22,70.37
United Kingdom,2020-11-23,70.37
United Kingdom,2020-11-24,70.37
United Kingdom,2020-11-25,70.37
United Kingdom,2020-11-26,70.37
United Kingdom,2020-11-27,70.37
United Kingdom,2020-11-28,70.37
United Kingdom,2020-11-29,70.37
United Kingdom,2020-11-30,70.37
United Kingdom,2020-12-01,70.37
United Kingdom,2020-12-02,70.37
United Kingdom,2020-12-03,63.89
United Kingdom,2020-12-04,63.89
United Kingdom,2020-12-05,63.89
United Kingdom,2020-12-06,63.89
United Kingdom,2020-12-07,63.89
United Kingdom,2020-12-08,67.59
United Kingdom,2020-12-09,67.59
United Kingdom,2020-12-10,67.59
United Kingdom,2020-12-11,67.59
United Kingdom,2020-12-12,67.59
United Kingdom,2020-12-13,67.59
United Kingdom,2020-12-14,69.44
United Kingdom,2020-12-15,69.44
United Kingdom,2020-12-16,69.44
United Kingdom,2020-12-17,69.44
United Kingdom,2020-12-18,69.44
United Kingdom,2020-12-19,73.15
United Kingdom,2020-12-20,73.15
United Kingdom,2020-12-21,73.15
United Kingdom,2020-12-22,73.15
United Kingdom,2020-12-23,73.15
United Kingdom,2020-12-24,75.93
United Kingdom,2020-12-25,71.76
United Kingdom,2020-12-26,75.93
United Kingdom,2020-12-27,75.93
United Kingdom,2020-12-28,75.93
United Kingdom,2020-12-29,75.93
United Kingdom,2020-12-30,75.93
United Kingdom,2020-12-31,75.93
United Kingdom,2021-01-01,75.93
United Kingdom,2021-01-02,75.93
United Kingdom,2021-01-03,75.93
United Kingdom,2021-01-04,79.63
United Kingdom,2021-01-05,86.11
United Kingdom,2021-01-06,86.11
United Kingdom,2021-01-07,86.11
United Kingdom,2021-01-08,86.11
United Kingdom,2021-01-09,86.11
United Kingdom,2021-01-10,86.11
United Kingdom,2021-01-11,86.11
United Kingdom,2021-01-12,86.11
United Kingdom,2021-01-13,86.11
United Kingdom,2021-01-14,86.11
United Kingdom,2021-01-15,86.11
United Kingdom,2021-01-16,86.11
United Kingdom,2021-01-17,86.11
United Kingdom,2021-01-18,86.11
United Kingdom,2021-01-19,86.11
United Kingdom,2021-01-20,86.11
United Kingdom,2021-01-21,86.11
United Kingdom,2021-01-22,86.11
United Kingdom,2021-01-23,86.11
United Kingdom,2021-01-24,86.11
United Kingdom,2021-01-25,86.11
United Kingdom,2021-01-26,86.11
United Kingdom,2021-01-27,86.11
United Kingdom,2021-01-28,86.11
United Kingdom,2021-01-29,86.11
United Kingdom,2021-01-30,86.11
United Kingdom,2021-01-31,86.11
United Kingdom,2021-02-01,86.11
United Kingdom,2021-02-02,86.11
United Kingdom,2021-02-03,86.11
United Kingdom,2021-02-04,86.11
United Kingdom,2021-02-05,86.11
United Kingdom,2021-02-06,86.11
United Kingdom,2021-02-07,86.11
United Kingdom,2021-02-08,86.11
United Kingdom,2021-02-09,86.11
United Kingdom,2021-02-10,86.11
United Kingdom,2021-02-11,86.11
United Kingdom,2021-02-12,86.11
United Kingdom,2021-02-13,86.11
United Kingdom,2021-02-14,86.11
United Kingdom,2021-02-15,86.11
United Kingdom,2021-02-16,86.11
United Kingdom,2021-02-17,86.11
United Kingdom,2021-02-18,86.11
United Kingdom,2021-02-19,86.11
United Kingdom,2021-02-20,86.11
United Kingdom,2021-02-21,86.11
United Kingdom,2021-02-22,86.11
United Kingdom,2021-02-23,
United Kingdom,2021-02-24,
United States,2020-01-22,0.0
United States,2020-01-23,0.0
United States,2020-01-24,0.0
United States,2020-01-25,0.0
United States,2020-01-26,0.0
United States,2020-01-27,0.0
United States,2020-01-28,0.0
United States,2020-01-29,0.0
United States,2020-01-30,0.0
United States,2020-01-31,0.0
United States,2020-02-01,0.0
United States,2020-02-02,5.56
United States,2020-02-03,5.56
United States,2020-02-04,5.56
United States,2020-02-05,5.56
United States,2020-02-06,5.56
United States,2020-02-07,5.56
United States,2020-02-08,5.56
United States,2020-02-09,5.56
United States,2020-02-10,5.56
United States,2020-02-11,5.56
United States,2020-02-12,5.56
United States,2020-02-13,5.56
United States,2020-02-14,5.56
United States,2020-02-15,5.56
United States,2020-02-16,5.56
United States,2020-02-17,5.56
United States,2020-02-18,5.56
United States,2020-02-19,5.56
United States,2020-02-20,5.56
United States,2020-02-21,5.56
United States,2020-02-22,5.56
United States,2020-02-23,5.56
United States,2020-02-24,5.56
United States,2020-02-25,5.56
United States,2020-02-26,5.56
United States,2020-02-27,5.56
United States,2020-02-28,5.56
United States,2020-02-29,5.56
United States,2020-03-01,8.33
United States,2020-03-02,11.11
United States,2020-03-03,11.11
United States,2020-03-04,11.11
United States,2020-03-05,20.37
United States,2020-03-06,20.37
United States,2020-03-07,20.37
United States,2020-03-08,20.37
United States,2020-03-09,20.37
United States,2020-03-10,20.37
United States,2020-03-11,21.76
United States,2020-03-12,30.09
United States,2020-03-13,30.09
United States,2020-03-14,35.65
United States,2020-03-15,41.2
United States,2020-03-16,52.31
United States,2020-03-17,55.09
United States,2020-03-18,55.09
United States,2020-03-19,67.13
United States,2020-03-20,67.13
United States,2020-03-21,72.69
United States,2020-03-22,72.69
United States,2020-03-23,72.69
United States,2020-03-24,72.69
United States,2020-03-25,72.69
United States,2020-03-26,72.69
United States,2020-03-27,72.69
United States,2020-03-28,72.69
United States,2020-03-29,72.69
United States,2020-03-30,72.69
United States,2020-03-31,72.69
United States,2020-04-01,72.69
United States,2020-04-02,72.69
United States,2020-04-03,72.69
United States,2020-04-04,72.69
United States,2020-04-05,72.69
United States,2020-04-06,72.69
United States,2020-04-07,72.69
United States,2020-04-08,72.69
United States,2020-04-09,72.69
United States,2020-04-10,72.69
United States,2020-04-11,72.69
United States,2020-04-12,72.69
United States,2020-04-13,72.69
United States,2020-04-14,72.69
United States,2020-04-15,72.69
United States,2020-04-16,72.69
United States,2020-04-17,72.69
United States,2020-04-18,72.69
United States,2020-04-19,72.69
United States,2020-04-20,72.69
United States,2020-04-21,72.69
United States,2020-04-22,72.69
United States,2020-04-23,72.69
United States,2020-04-24,72.69
United States,2020-04-25,72.69
United States,2020-04-26,72.69
United States,2020-04-27,72.69
United States,2020-04-28,72.69
United States,2020-04-29,72.69
United States,2020-04-30,72.69
United States,2020-05-01,72.69
United States,2020-05-02,72.69
United States,2020-05-03,72.69
United States,2020-05-04,72.69
United States,2020-05-05,72.69
United States,2020-05-06,72.69
United States,2020-05-07,72.69
United States,2020-05-08,72.69
United States,2020-05-09,72.69
United States,2020-05-10,72.69
United States,2020-05-11,72.69
United States,2020-05-12,72.69
United States,2020-05-13,72.69
United States,2020-05-14,72.69
United States,2020-05-15,72.69
United States,2020-05-16,72.69
United States,2020-05-17,72.69
United States,2020-05-18,72.69
United States,2020-05-19,72.69
United States,2020-05-20,72.69
United States,2020-05-21,72.69
United States,2020-05-22,72.69
United States,2020-05-23,72.69
United States,2020-05-24,72.69
United States,2020-05-25,72.69
United States,2020-05-26,72.69
United States,2020-05-27,72.69
United States,2020-05-28,72.69
United States,2020-05-29,72.69
United States,2020-05-30,72.69
United States,2020-05-31,72.69
United States,2020-06-01,72.69
United States,2020-06-02,72.69
United States,2020-06-03,72.69
United States,2020-06-04,72.69
United States,2020-06-05,72.69
United States,2020-06-06,72.69
United States,2020-06-07,72.69
United States,2020-06-08,72.69
United States,2020-06-09,72.69
United States,2020-06-10,72.69
United States,2020-06-11,72.69
United States,2020-06-12,72.69
United States,2020-06-13,72.69
United States,2020-06-14,72.69
United States,2020-06-15,68.98
United States,2020-06-16,68.98
United States,2020-06-17,68.98
United States,2020-06-18,68.98
United States,2020-06-19,68.98
United States,2020-06-20,68.98
United States,2020-06-21,68.98
United States,2020-06-22,68.98
United States,2020-06-23,68.98
United States,2020-06-24,68.98
United States,2020-06-25,68.98
United States,2020-06-26,68.98
United States,2020-06-27,68.98
United States,2020-06-28,68.98
United States,2020-06-29,68.98
United States,2020-06-30,68.98
United States,2020-07-01,68.98
United States,2020-07-02,68.98
United States,2020-07-03,68.98
United States,2020-07-04,68.98
United States,2020-07-05,68.98
United States,2020-07-06,68.98
United States,2020-07-07,68.98
United States,2020-07-08,68.98
United States,2020-07-09,68.98
United States,2020-07-10,68.98
United States,2020-07-11,68.98
United States,2020-07-12,68.98
United States,2020-07-13,68.98
United States,2020-07-14,68.98
United States,2020-07-15,68.98
United States,2020-07-16,68.98
United States,2020-07-17,68.98
United States,2020-07-18,68.98
United States,2020-07-19,68.98
United States,2020-07-20,67.13
United States,2020-07-21,67.13
United States,2020-07-22,67.13
United States,2020-07-23,67.13
United States,2020-07-24,67.13
United States,2020-07-25,67.13
United States,2020-07-26,67.13
United States,2020-07-27,67.13
United States,2020-07-28,67.13
United States,2020-07-29,67.13
United States,2020-07-30,67.13
United States,2020-07-31,67.13
United States,2020-08-01,67.13
United States,2020-08-02,67.13
United States,2020-08-03,67.13
United States,2020-08-04,67.13
United States,2020-08-05,67.13
United States,2020-08-06,67.13
United States,2020-08-07,67.13
United States,2020-08-08,67.13
United States,2020-08-09,67.13
United States,2020-08-10,67.13
United States,2020-08-11,67.13
United States,2020-08-12,67.13
United States,2020-08-13,67.13
United States,2020-08-14,67.13
United States,2020-08-15,67.13
United States,2020-08-16,67.13
United States,2020-08-17,67.13
United States,2020-08-18,67.13
United States,2020-08-19,67.13
United States,2020-08-20,67.13
United States,2020-08-21,67.13
United States,2020-08-22,67.13
United States,2020-08-23,67.13
United States,2020-08-24,67.13
United States,2020-08-25,67.13
United States,2020-08-26,67.13
United States,2020-08-27,67.13
United States,2020-08-28,67.13
United States,2020-08-29,67.13
United States,2020-08-30,67.13
United States,2020-08-31,67.13
United States,2020-09-01,67.13
United States,2020-09-02,67.13
United States,2020-09-03,67.13
United States,2020-09-04,67.13
United States,2020-09-05,67.13
United States,2020-09-06,67.13
United States,2020-09-07,67.13
United States,2020-09-08,67.13
United States,2020-09-09,67.13
United States,2020-09-10,67.13
United States,2020-09-11,67.13
United States,2020-09-12,62.5
United States,2020-09-13,62.5
United States,2020-09-14,62.5
United States,2020-09-15,62.5
United States,2020-09-16,62.5
United States,2020-09-17,62.5
United States,2020-09-18,62.5
United States,2020-09-19,62.5
United States,2020-09-20,62.5
United States,2020-09-21,62.5
United States,2020-09-22,62.5
United States,2020-09-23,62.5
United States,2020-09-24,62.5
United States,2020-09-25,62.5
United States,2020-09-26,62.5
United States,2020-09-27,62.5
United States,2020-09-28,62.5
United States,2020-09-29,62.5
United States,2020-09-30,62.5
United States,2020-10-01,62.5
United States,2020-10-02,62.5
United States,2020-10-03,62.5
United States,2020-10-04,62.5
United States,2020-10-05,62.5
United States,2020-10-06,62.5
United States,2020-10-07,62.5
United States,2020-10-08,62.5
United States,2020-10-09,62.5
United States,2020-10-10,62.5
United States,2020-10-11,62.5
United States,2020-10-12,62.5
United States,2020-10-13,66.2
United States,2020-10-14,66.2
United States,2020-10-15,66.2
United States,2020-10-16,66.2
United States,2020-10-17,66.2
United States,2020-10-18,66.2
United States,2020-10-19,66.2
United States,2020-10-20,66.2
United States,2020-10-21,66.2
United States,2020-10-22,66.2
United States,2020-10-23,66.2
United States,2020-10-24,66.2
United States,2020-10-25,66.2
United States,2020-10-26,62.5
United States,2020-10-27,62.5
United States,2020-10-28,62.5
United States,2020-10-29,62.5
United States,2020-10-30,62.5
United States,2020-10-31,62.5
United States,2020-11-01,62.5
United States,2020-11-02,62.5
United States,2020-11-03,62.5
United States,2020-11-04,62.5
United States,2020-11-05,62.5
United States,2020-11-06,62.5
United States,2020-11-07,62.5
United States,2020-11-08,62.5
United States,2020-11-09,65.28
United States,2020-11-10,65.28
United States,2020-11-11,65.28
United States,2020-11-12,65.28
United States,2020-11-13,65.28
United States,2020-11-14,65.28
United States,2020-11-15,65.28
United States,2020-11-16,75.46
United States,2020-11-17,75.46
United States,2020-11-18,75.46
United States,2020-11-19,75.46
United States,2020-11-20,75.46
United States,2020-11-21,75.46
United States,2020-11-22,75.46
United States,2020-11-23,75.46
United States,2020-11-24,75.46
United States,2020-11-25,75.46
United States,2020-11-26,75.46
United States,2020-11-27,75.46
United States,2020-11-28,75.46
United States,2020-11-29,75.46
United States,2020-11-30,75.46
United States,2020-12-01,75.46
United States,2020-12-02,71.76
United States,2020-12-03,71.76
United States,2020-12-04,71.76
United States,2020-12-05,71.76
United States,2020-12-06,71.76
United States,2020-12-07,71.76
United States,2020-12-08,71.76
United States,2020-12-09,71.76
United States,2020-12-10,71.76
United States,2020-12-11,71.76
United States,2020-12-12,71.76
United States,2020-12-13,71.76
United States,2020-12-14,71.76
United States,2020-12-15,71.76
United States,2020-12-16,71.76
United States,2020-12-17,71.76
United States,2020-12-18,71.76
United States,2020-12-19,71.76
United States,2020-12-20,71.76
United States,2020-12-21,71.76
United States,2020-12-22,71.76
United States,2020-12-23,71.76
United States,2020-12-24,71.76
United States,2020-12-25,71.76
United States,2020-12-26,71.76
United States,2020-12-27,71.76
United States,2020-12-28,71.76
United States,2020-12-29,71.76
United States,2020-12-30,71.76
United States,2020-12-31,71.76
United States,2021-01-01,71.76
United States,2021-01-02,71.76
United States,2021-01-03,71.76
United States,2021-01-04,71.76
United States,2021-01-05,71.76
United States,2021-01-06,71.76
United States,2021-01-07,71.76
United States,2021-01-08,71.76
United States,2021-01-09,71.76
United States,2021-01-10,71.76
United States,2021-01-11,71.76
United States,2021-01-12,71.76
United States,2021-01-13,71.76
United States,2021-01-14,71.76
United States,2021-01-15,71.76
United States,2021-01-16,71.76
United States,2021-01-17,71.76
United States,2021-01-18,71.76
United States,2021-01-19,71.76
United States,2021-01-20,71.76
United States,2021-01-21,71.76
United States,2021-01-22,71.76
United States,2021-01-23,71.76
United States,2021-01-24,71.76
United States,2021-01-25,71.76
United States,2021-01-26,71.76
United States,2021-01-27,71.76
United States,2021-01-28,71.76
United States,2021-01-29,71.76
United States,2021-01-30,71.76
United States,2021-01-31,71.76
United States,2021-02-01,71.76
United States,2021-02-02,71.76
United States,2021-02-03,68.06
United States,2021-02-04,68.06
United States,2021-02-05,68.06
United States,2021-02-06,68.06
United States,2021-02-07,68.06
United States,2021-02-08,68.06
United States,2021-02-09,68.06
United States,2021-02-10,68.06
United States,2021-02-11,68.06
United States,2021-02-12,68.06
United States,2021-02-13,68.06
United States,2021-02-14,68.06
United States,2021-02-15,68.06
United States,2021-02-16,68.06
United States,2021-02-17,68.06
United States,2021-02-18,68.06
United States,2021-02-19,68.06
United States,2021-02-20,68.06
United States,2021-02-21,68.06
United States,2021-02-22,68.06
United States,2021-02-23,
United States,2021-02-24,
